,0
0,uc010biz.1
1,uc002avs.2
2,uc001uzn.3
3,uc003mhf.2
4,uc003eov.3
5,uc001nqf.2
6,uc010qbt.1
7,uc002swx.2
8,uc002ftw.2
9,uc001ewd.2
10,uc001zgy.1
11,uc001rfh.2
12,uc003jmm.1
13,uc003whq.2
14,uc001odm.2
15,uc002dqn.2
16,uc001cgo.2
17,uc010ere.1
18,uc003wnn.2
19,uc003gcz.1
20,uc010ero.2
21,uc003nbz.3
22,uc011kqj.1
23,uc002eyq.2
24,uc001pew.2
25,uc002vfz.2
26,uc003vct.2
27,uc002ijw.2
28,uc002nzo.3
29,uc001bbp.2
30,uc002luo.1
31,uc002ugi.2
32,uc004ene.3
33,uc009zna.2
34,uc011dpk.1
35,uc001axv.2
36,uc004ejh.2
37,uc010mfs.2
38,uc010qij.1
39,uc003ijw.3
40,uc003chx.2
41,uc002vlq.2
42,uc002dqv.3
43,uc001raq.2
44,uc003wjw.2
45,uc002ywx.2
46,uc003jlt.2
47,uc002fof.2
48,uc003uje.2
49,uc003omh.2
50,uc002gjd.2
51,uc003fcj.2
52,uc002ock.1
53,uc010dgp.1
54,uc010yrb.1
55,uc011dvu.1
56,uc003acr.2
57,uc003wke.2
58,uc002rmm.2
59,uc001zjp.2
60,uc002ykj.1
61,uc010upn.1
62,uc010nqd.1
63,uc002gar.1
64,uc001rcp.1
65,uc003gos.2
66,uc001zza.3
67,uc001dqr.2
68,uc001huu.3
69,uc009ycg.2
70,uc002zve.2
71,uc004age.2
72,uc003xkh.2
73,uc001xmd.2
74,uc003hnn.1
75,uc002rox.2
76,uc002sfv.2
77,uc002qak.1
78,uc003kgr.3
79,uc004eab.1
80,uc011cgx.1
81,uc002uis.2
82,uc009zvm.1
83,uc003llj.2
84,uc010qdt.1
85,uc002mtb.2
86,uc001aml.2
87,uc011bxh.1
88,uc010vzx.1
89,uc010qlq.1
90,uc011kia.1
91,uc004dqb.2
92,uc002lzn.2
93,uc010pmw.1
94,uc001opr.2
95,uc002kwt.2
96,uc002cka.2
97,uc001mnq.2
98,uc003flt.1
99,uc001jbf.2
100,uc010zra.1
101,uc003qoh.2
102,uc010lqp.1
103,uc002yei.2
104,uc003anz.2
105,uc010dfx.2
106,uc003miw.2
107,uc001ecx.2
108,uc002ybe.2
109,uc010bth.2
110,uc010uqb.1
111,uc010jum.1
112,uc002gav.1
113,uc002eyo.2
114,uc002rph.2
115,uc009xhm.1
116,uc003ztp.1
117,uc009yfe.1
118,uc010wlv.1
119,uc011kvj.1
120,uc010jbm.1
121,uc001frx.2
122,uc002glh.1
123,uc002hej.2
124,uc002lvk.2
125,uc003sms.1
126,uc010emc.2
127,uc003dgp.2
128,uc002nyj.1
129,uc009yjp.2
130,uc001cti.2
131,uc001clb.2
132,uc003dep.2
133,uc004cnx.1
134,uc003ukk.1
135,uc003sjz.1
136,uc001whe.2
137,uc003svp.2
138,uc004cpg.2
139,uc009xpd.2
140,uc003zcs.1
141,uc001cze.2
142,uc010vbv.1
143,uc001nwz.2
144,uc001dlr.3
145,uc002hks.1
146,uc010yfx.1
147,uc001rir.2
148,uc003wic.2
149,uc002dkk.2
150,uc011dye.1
151,uc003kea.2
152,uc001cjx.2
153,uc011lqh.1
154,uc002ylo.2
155,uc001fjz.1
156,uc009ztf.2
157,uc009xvr.2
158,uc002yzz.3
159,uc009zkw.2
160,uc010dlv.1
161,uc002cgq.1
162,uc001sge.2
163,uc002mka.2
164,uc001fdq.2
165,uc011axp.1
166,uc003exd.1
167,uc010vtc.1
168,uc002xit.1
169,uc010xqb.1
170,uc002mdm.2
171,uc004dhp.2
172,uc004dkg.2
173,uc010vnc.1
174,uc010bux.2
175,uc002aov.2
176,uc003aqz.1
177,uc010ges.2
178,uc001yfb.3
179,uc001tzh.1
180,uc011anj.1
181,uc011bhd.1
182,uc001qmn.2
183,uc003ttl.2
184,uc004cay.2
185,uc011cgy.1
186,uc002ebn.1
187,uc001kxa.2
188,uc002beu.2
189,uc002wnp.2
190,uc010bff.2
191,uc001tpi.1
192,uc004eaa.1
193,uc002zii.2
194,uc002fnx.3
195,uc002sqz.3
196,uc010tqe.1
197,uc010qdv.1
198,uc001ffk.2
199,uc003bjm.1
200,uc011egz.1
201,uc003uho.1
202,uc011mbo.1
203,uc002rtl.2
204,uc010sra.1
205,uc003ged.3
206,uc010qcf.1
207,uc002jyg.1
208,uc001hml.2
209,uc003uqr.1
210,uc010wqh.1
211,uc003atf.2
212,uc003zgc.3
213,uc004amt.1
214,uc010lkf.1
215,uc010ihk.1
216,uc001zto.1
217,uc009yke.1
218,uc010qsq.1
219,uc001tnm.2
220,uc002rwh.1
221,uc001kft.2
222,uc001gog.2
223,uc001zsc.2
224,uc010jpf.2
225,uc010qwl.1
226,uc003uaq.2
227,uc001bia.2
228,uc003kbz.3
229,uc010yrz.1
230,uc010mlb.2
231,uc001kqw.1
232,uc010hvt.1
233,uc001csz.2
234,uc010eit.2
235,uc001zxx.2
236,uc009zzz.1
237,uc001cgx.2
238,uc010gtd.2
239,uc010bgx.1
240,uc001mit.1
241,uc001qal.3
242,uc002ihd.1
243,uc002vkf.1
244,uc010ghs.1
245,uc001ffm.1
246,uc010bcc.1
247,uc004aub.2
248,uc010mza.2
249,uc002tbx.2
250,uc002swc.2
251,uc010smp.1
252,uc001iwc.1
253,uc002ibh.2
254,uc003dtv.2
255,uc010hjn.1
256,uc010vtz.1
257,uc004ebk.3
258,uc002jlx.2
259,uc001hvu.3
260,uc010nqv.2
261,uc003bfa.1
262,uc004bpx.2
263,uc003xnv.2
264,uc001dar.1
265,uc001vsr.2
266,uc002aft.2
267,uc001jto.2
268,uc001bej.2
269,uc002ykl.2
270,uc001jks.3
271,uc002twv.1
272,uc010pvd.1
273,uc010xho.1
274,uc004ezw.2
275,uc001byf.1
276,uc002rxn.2
277,uc003awf.2
278,uc002nke.2
279,uc002mvb.2
280,uc009vzo.2
281,uc009ztk.2
282,uc001nvk.1
283,uc010ilo.2
284,uc001usx.2
285,uc003csm.2
286,uc001tkb.1
287,uc010ucj.1
288,uc001yon.3
289,uc010ssp.1
290,uc001mhs.2
291,uc001cym.3
292,uc001btl.3
293,uc002omj.2
294,uc001cft.1
295,uc001pmn.2
296,uc002xel.1
297,uc002czv.2
298,uc002kcl.1
299,uc002nid.2
300,uc010ivw.2
301,uc003qab.1
302,uc002dwr.2
303,uc002bbq.2
304,uc001znz.2
305,uc001lrg.1
306,uc010uvz.1
307,uc010pep.1
308,uc003lgh.1
309,uc011avr.1
310,uc002tyb.2
311,uc001eye.1
312,uc002scz.2
313,uc003acw.2
314,uc003mxf.3
315,uc001uqs.1
316,uc001gby.2
317,uc001okw.1
318,uc003man.1
319,uc010cxw.2
320,uc001uap.2
321,uc002udd.2
322,uc003dln.2
323,uc010rrx.1
324,uc010qvu.1
325,uc009yog.1
326,uc010tqx.1
327,uc003bxz.2
328,uc010fhe.2
329,uc001ztw.2
330,uc001ufm.2
331,uc003xtj.1
332,uc003aqm.2
333,uc010yak.1
334,uc002tkk.2
335,uc004bul.1
336,uc010nyc.1
337,uc001avv.3
338,uc002jrn.3
339,uc002chb.2
340,uc011alj.1
341,uc003plv.2
342,uc011kef.1
343,uc010trr.1
344,uc011jyr.1
345,uc003yzq.2
346,uc009zfh.2
347,uc003vfx.2
348,uc002iiu.1
349,uc003xci.2
350,uc002yfz.2
351,uc001rfe.2
352,uc011dvh.1
353,uc002fbr.3
354,uc009wap.2
355,uc001aii.2
356,uc003klc.2
357,uc002iai.2
358,uc002snm.1
359,uc001alz.1
360,uc011mpa.1
361,uc011bmz.1
362,uc011afv.1
363,uc002ffz.1
364,uc010raw.1
365,uc002zzx.2
366,uc002fub.1
367,uc001hvw.2
368,uc004cll.2
369,uc010vkg.1
370,uc001eab.2
371,uc002qeu.1
372,uc010cvq.2
373,uc009zox.2
374,uc009yuf.2
375,uc002ihf.2
376,uc001jgm.2
377,uc003oxb.1
378,uc001qmu.2
379,uc001ara.2
380,uc002nhy.2
381,uc004cmw.2
382,uc011jvn.1
383,uc001ijc.2
384,uc010ugr.1
385,uc001ypp.2
386,uc003leh.2
387,uc001tuw.2
388,uc010rbd.1
389,uc002nez.1
390,uc002gwb.1
391,uc003wgl.1
392,uc004bas.2
393,uc001nds.2
394,uc004dxb.2
395,uc002ddm.2
396,uc002pul.2
397,uc002prj.1
398,uc001qye.2
399,uc001zso.3
400,uc002jcc.2
401,uc001hfg.2
402,uc001lqf.2
403,uc003iyy.2
404,uc002twi.2
405,uc010xqp.1
406,uc001sbi.2
407,uc002ifz.2
408,uc002xvn.1
409,uc010alu.2
410,uc004anm.3
411,uc002npw.2
412,uc001udl.2
413,uc010twd.1
414,uc003bfv.1
415,uc001glk.1
416,uc002buv.2
417,uc003did.3
418,uc002rmz.3
419,uc010xqf.1
420,uc002tek.3
421,uc001fnu.1
422,uc001lqy.2
423,uc003zhn.1
424,uc003ewe.2
425,uc011abh.1
426,uc001nmy.3
427,uc003nsa.1
428,uc003pzy.1
429,uc002jdr.1
430,uc010fog.2
431,uc001uad.1
432,uc002lwf.3
433,uc002dxp.1
434,uc009zjl.2
435,uc010ymk.1
436,uc001vah.2
437,uc010tua.1
438,uc003ifb.2
439,uc002hqc.2
440,uc003cne.3
441,uc001xcg.2
442,uc003vvs.2
443,uc003lei.2
444,uc010oel.1
445,uc010vbc.1
446,uc003prb.2
447,uc002rwr.2
448,uc003fpk.2
449,uc001tjc.2
450,uc002bdy.2
451,uc003uub.1
452,uc001cie.1
453,uc010uws.1
454,uc010ocx.1
455,uc001rci.2
456,uc003xze.2
457,uc002kbm.1
458,uc002vin.2
459,uc001hok.2
460,uc010vty.1
461,uc002htv.2
462,uc002png.2
463,uc010bdz.2
464,uc010ica.2
465,uc010yyb.1
466,uc003yjv.2
467,uc002bfg.1
468,uc001gqh.2
469,uc003bew.1
470,uc002eqk.1
471,uc002qbb.1
472,uc002krl.2
473,uc002zvb.2
474,uc002nkh.2
475,uc001ycy.3
476,uc003yoo.2
477,uc001kic.2
478,uc010snd.1
479,uc002kqq.1
480,uc004byj.2
481,uc010vwq.1
482,uc010ysl.1
483,uc003lav.2
484,uc002qli.3
485,uc002jti.2
486,uc010lqn.2
487,uc002gwr.2
488,uc003qsk.2
489,uc001qtz.1
490,uc004eks.2
491,uc003ibh.3
492,uc003gmh.1
493,uc004eok.2
494,uc004dwh.2
495,uc002rya.2
496,uc009vqk.2
497,uc003xex.1
498,uc001zne.2
499,uc010vbe.1
500,uc010xdf.1
501,uc001mcj.2
502,uc003etd.2
503,uc002ipv.2
504,uc001gyr.3
505,uc002zes.1
506,uc011lnp.1
507,uc004bwv.2
508,uc003irt.1
509,uc002dfy.2
510,uc002pxp.1
511,uc004dtk.1
512,uc010qid.1
513,uc003yps.1
514,uc002ibt.2
515,uc011beb.1
516,uc001oir.2
517,uc001jrf.3
518,uc003evk.1
519,uc010szx.1
520,uc003mja.2
521,uc011cgr.1
522,uc003mxu.3
523,uc011kca.1
524,uc003uhm.2
525,uc003iwq.2
526,uc001hmp.1
527,uc002ufh.1
528,uc001uzz.1
529,uc003dak.2
530,uc002rqs.2
531,uc001xot.2
532,uc002atp.2
533,uc003ean.1
534,uc001kfl.2
535,uc003miu.2
536,uc003qwb.1
537,uc011lob.1
538,uc003djq.1
539,uc010wra.1
540,uc004eva.1
541,uc001lsh.1
542,uc010rsv.1
543,uc010jtk.2
544,uc003ltu.1
545,uc010edn.1
546,uc002fsj.2
547,uc001ttp.2
548,uc001wal.2
549,uc002vhl.2
550,uc011bgz.1
551,uc011leo.1
552,uc001nzg.1
553,uc001sre.2
554,uc003qrr.2
555,uc004fad.1
556,uc003ygj.2
557,uc004boj.2
558,uc002oje.3
559,uc001mih.3
560,uc001hpy.2
561,uc001rnl.2
562,uc010rrf.1
563,uc003euw.2
564,uc003lvq.2
565,uc011dom.1
566,uc001few.2
567,uc002iif.2
568,uc001tet.1
569,uc010xhm.1
570,uc003gql.1
571,uc001rnq.3
572,uc003opd.2
573,uc010rrk.1
574,uc001hlg.3
575,uc010jaw.2
576,uc002rus.2
577,uc002lye.1
578,uc001ctv.3
579,uc003nhs.2
580,uc001cku.2
581,uc004cvu.3
582,uc010bel.2
583,uc001cez.3
584,uc001bft.2
585,uc001avy.2
586,uc010zkv.1
587,uc001bqa.1
588,uc003cdj.2
589,uc002uff.2
590,uc002bkr.2
591,uc002ztr.1
592,uc003hui.2
593,uc003bky.1
594,uc004dfc.2
595,uc001khr.2
596,uc010xst.1
597,uc011kit.1
598,uc003ijy.2
599,uc010rhh.1
600,uc011lwc.1
601,uc010epw.2
602,uc003pqd.2
603,uc002tjg.2
604,uc011blb.1
605,uc002mqg.1
606,uc011lsl.1
607,uc002lct.2
608,uc009vmx.2
609,uc003ubm.3
610,uc001ttj.1
611,uc010cgj.1
612,uc002qwi.3
613,uc004eet.2
614,uc010okz.1
615,uc010pve.1
616,uc003mnj.1
617,uc010rvj.1
618,uc011ccg.1
619,uc004aty.2
620,uc010wiu.1
621,uc010nld.1
622,uc002ikc.2
623,uc010ebc.1
624,uc001yod.2
625,uc003ejf.1
626,uc002qqd.2
627,uc010cws.1
628,uc002mgx.2
629,uc002dou.2
630,uc003zbv.3
631,uc009zex.2
632,uc001unk.2
633,uc010xkf.1
634,uc010osq.1
635,uc002cqj.2
636,uc002zuw.2
637,uc003ajl.1
638,uc003leq.2
639,uc001tki.1
640,uc001zrx.1
641,uc003hab.2
642,uc003zsv.1
643,uc001bhr.2
644,uc010gch.1
645,uc003dod.2
646,uc003oej.1
647,uc001ppn.2
648,uc002vud.3
649,uc010oho.1
650,uc004eav.2
651,uc001alf.2
652,uc011kay.1
653,uc001goq.1
654,uc010std.1
655,uc011buq.1
656,uc001etg.2
657,uc010woo.1
658,uc003kpp.1
659,uc001gpd.1
660,uc002kad.1
661,uc001xkh.1
662,uc002pdn.2
663,uc002jnk.1
664,uc001rhe.2
665,uc002wbh.2
666,uc002moc.3
667,uc010aru.2
668,uc002zeo.1
669,uc010tij.1
670,uc009zkh.1
671,uc003ahe.2
672,uc010qui.1
673,uc004bnj.2
674,uc009wgr.2
675,uc003jep.2
676,uc002hzi.3
677,uc010kbp.2
678,uc004cwt.1
679,uc002qpx.2
680,uc009zhv.1
681,uc010vlu.1
682,uc010luw.2
683,uc011aqx.1
684,uc003heg.3
685,uc009xow.1
686,uc011akn.1
687,uc010pmd.1
688,uc011chc.1
689,uc010ygx.1
690,uc003suk.2
691,uc003day.1
692,uc002rvj.1
693,uc004ekm.2
694,uc010jvs.2
695,uc004cfr.1
696,uc001pdw.1
697,uc001eeb.2
698,uc001jvb.2
699,uc001gpe.2
700,uc003hiw.2
701,uc010kcf.1
702,uc011bry.1
703,uc003ydq.1
704,uc003voa.3
705,uc011msm.1
706,uc003xmf.3
707,uc001key.1
708,uc001xvd.1
709,uc010shn.1
710,uc001lgb.2
711,uc010oib.1
712,uc010rzx.1
713,uc004bwi.2
714,uc002nub.1
715,uc010ipj.2
716,uc003qig.3
717,uc001wtl.2
718,uc001ann.1
719,uc003tum.1
720,uc002mbl.3
721,uc002opd.1
722,uc002nli.2
723,uc003ckg.2
724,uc001emd.1
725,uc002eco.2
726,uc001zmk.3
727,uc003equ.2
728,uc010bst.1
729,uc001bnt.3
730,uc003jri.3
731,uc010ydl.1
732,uc010rpb.1
733,uc009waq.2
734,uc001kae.2
735,uc009way.2
736,uc003mwu.2
737,uc010qon.1
738,uc002twj.2
739,uc003qjx.2
740,uc001ogr.2
741,uc002sgs.3
742,uc002zec.3
743,uc010ifq.2
744,uc001mjb.2
745,uc010ult.1
746,uc001gee.2
747,uc001ebs.2
748,uc010lwk.2
749,uc003edc.2
750,uc001azv.2
751,uc001ndn.3
752,uc001knb.2
753,uc010bpd.2
754,uc010tai.1
755,uc001ckj.2
756,uc002anu.2
757,uc002ata.2
758,uc003dqg.2
759,uc003qqn.2
760,uc010bpb.2
761,uc010cnn.1
762,uc002pcg.2
763,uc003dju.3
764,uc010uds.1
765,uc010qsa.1
766,uc001zma.1
767,uc001kmp.2
768,uc002lwy.1
769,uc009zlh.2
770,uc010voi.1
771,uc002pkk.2
772,uc003zcg.2
773,uc010jad.2
774,uc010oce.1
775,uc003onj.1
776,uc003bdm.1
777,uc003ldx.2
778,uc002wtm.2
779,uc004ede.2
780,uc003hpr.2
781,uc010ilf.1
782,uc011kzu.1
783,uc010tmz.1
784,uc003baw.2
785,uc001ydi.1
786,uc001dny.1
787,uc010stk.1
788,uc001hzv.1
789,uc001bks.3
790,uc003www.2
791,uc002hig.2
792,uc002cpe.2
793,uc009xvg.1
794,uc002vnu.2
795,uc003iwl.2
796,uc002lej.3
797,uc010xlt.1
798,uc002osr.1
799,uc003qdy.1
800,uc002iox.1
801,uc010oav.1
802,uc010uru.1
803,uc004aab.2
804,uc002bmm.2
805,uc010pms.1
806,uc001yph.2
807,uc002mwx.3
808,uc003muc.2
809,uc003wjt.2
810,uc011bdo.1
811,uc001nyp.3
812,uc002kfd.3
813,uc010slw.1
814,uc011aab.1
815,uc001ema.2
816,uc003snh.1
817,uc011lth.1
818,uc001wtd.2
819,uc009zzn.1
820,uc010qau.1
821,uc010qrs.1
822,uc004bkr.2
823,uc003ziv.1
824,uc001rwr.1
825,uc003ocz.1
826,uc002scr.3
827,uc010rnt.1
828,uc010xfj.1
829,uc002tvf.2
830,uc010ywu.1
831,uc002vtz.2
832,uc001rnw.3
833,uc002kco.3
834,uc002ibu.2
835,uc011lns.1
836,uc003ujd.2
837,uc003lsh.2
838,uc001bdq.3
839,uc003ekb.2
840,uc001xge.2
841,uc002xmn.2
842,uc001acn.2
843,uc009xtd.2
844,uc003lwm.3
845,uc011dsz.1
846,uc001eep.2
847,uc002oia.2
848,uc003eor.2
849,uc001npf.2
850,uc011jwv.1
851,uc010xrt.1
852,uc010hlz.2
853,uc003cjo.2
854,uc001mvj.1
855,uc003mez.2
856,uc001pxg.2
857,uc001hmq.2
858,uc002bkz.2
859,uc011cbv.1
860,uc003ure.2
861,uc004aok.1
862,uc010etb.1
863,uc003nrc.2
864,uc003dcy.1
865,uc002ecs.3
866,uc004bgz.2
867,uc002vxy.2
868,uc002euz.2
869,uc001njr.2
870,uc010fpc.2
871,uc010qpv.1
872,uc010uvx.1
873,uc003sqv.1
874,uc002knn.3
875,uc002ggs.2
876,uc002zhi.2
877,uc004edc.1
878,uc003yiw.2
879,uc002jtr.2
880,uc010hck.2
881,uc003emx.2
882,uc010eij.2
883,uc010xuo.1
884,uc002nfl.1
885,uc004bjc.2
886,uc004dps.3
